{
    "cam_reset_custom_1": {
        "x": 27.120495085547873,
        "y": 77.05544933078394
    },
    "cam_reset_left": {
        "x": -98.32544594102657,
        "y": 28.99936265137032
    },
    "cam_reset_font_left": {
        "x": -40.1528940662541,
        "y": 24.282982791587003
    },
    "cam_reset_font_bottom": {
        "x": 5.351292318893329,
        "y": 68.51497769279794
    },
    "cam_reset_font": {
        "x": 5.715325809974516,
        "y": 31.293817718291905
    },
    "cam_reset_font_right": {
        "x": 56.60720786312342,
        "y": 23.77310388782665
    },
    "cam_reset_right": {
        "x": 98.68947943210776,
        "y": 28.48948374760994
    },
    "cam_reset_custom_2": {
        "x": 26.46523480160174,
        "y": -68.89738687061822
    }
}